model,rmse,mae,n_valid,time_s
naive,0.004253,0.002315,1045,0.0015
har_rv,0.005603,0.003979,1045,0.0061
ewma_094,0.005973,0.004577,1045,0.0097
arima_101,0.006033,0.004004,1045,15.9376
rolling_mean_22,0.006892,0.004897,1045,0.0019
garch_11,0.007894,0.006781,1045,0.0318
