model,white_stat,white_p,breusch_pagan_stat,breusch_pagan_p,ljung_box(lag=10)_stat,ljung_box(lag=10)_p,bds(dim=3)_stat,bds(dim=3)_p,jarque_bera_stat,jarque_bera_p,mean,std,skew,kurt
naive,2.9092410286669472,0.23348895280185972,0.8668088393109113,0.35184027433976783,197.57509169754366,5.16979384547411e-37,-0.48753586377153596,0.6258786339380478,13356.358879511052,0.0,-3.666778407357364e-06,0.004254729378839661,0.047367317128456966,17.513992617744186
ridge,3.2665591221023558,0.19528806363821669,0.8463118303271938,0.35759780122385787,119.54632686949179,6.254632212638149e-21,7.31677930659088,2.539930530942269e-13,8101.635229303106,0.0,-0.0007089819576820765,0.0037753250318056696,1.73173390231823,13.19358383479424
xgb_optuna,0.6379089083243594,0.7269086562161577,0.036638861508892506,0.8482021894420557,76.82576373572937,2.096868964423914e-12,5.034111794438441,4.800694643216081e-07,8253.807131586806,0.0,-0.0016348164247566104,0.003449689129761707,1.9767911466562704,13.188264016747777
