{
  "naive": {
    "rmse": 0.004252694716693691,
    "mae": 0.002315468254338502,
    "time_s": 0.0015239715576171875,
    "n_test": 1045
  },
  "rolling_mean_22": {
    "rmse": 0.006892400798273564,
    "mae": 0.004896841952210841,
    "time_s": 0.0019185543060302734,
    "n_test": 1045
  },
  "ewma_094": {
    "rmse": 0.005972536129881908,
    "mae": 0.004576899219905495,
    "time_s": 0.009676933288574219,
    "n_test": 1045
  },
  "arima_101": {
    "rmse": 0.006032918517290341,
    "mae": 0.004003633688670104,
    "time_s": 15.937558650970459,
    "n_test": 1045
  },
  "garch_11": {
    "rmse": 0.00789377307086404,
    "mae": 0.006781422156370165,
    "time_s": 0.03183388710021973,
    "n_test": 1045
  },
  "har_rv": {
    "rmse": 0.005602910165006593,
    "mae": 0.003979221666155415,
    "time_s": 0.006108522415161133,
    "n_test": 1045
  }
}