{
  "ridge": {
    "rmse_val": 0.0035750937221856447,
    "mae_val": 0.0026426384880556056,
    "r2_val": 0.6774172865493726,
    "rmse_test": 0.003839543618967974,
    "mae_test": 0.0025692913590124613,
    "r2_test": 0.7154528331234282,
    "fit_s": 0.036187171936035156
  },
  "lasso": {
    "rmse_val": 0.0038805550788661948,
    "mae_val": 0.0029158575723916844,
    "r2_val": 0.6199384529587524,
    "rmse_test": 0.004262993368039505,
    "mae_test": 0.0030139798780488415,
    "r2_test": 0.6492284446797719,
    "fit_s": 0.012648344039916992
  },
  "knn": {
    "rmse_val": 0.004678156312260301,
    "mae_val": 0.0036810808836077293,
    "r2_val": 0.44764831194374977,
    "rmse_test": 0.006252648870128588,
    "mae_test": 0.005066727917766322,
    "r2_test": 0.24538899278719228,
    "fit_s": 0.010360240936279297
  },
  "tree": {
    "rmse_val": 0.004133752877005593,
    "mae_val": 0.002915118824809743,
    "r2_val": 0.5687240423625535,
    "rmse_test": 0.004292415127223761,
    "mae_test": 0.0028739707659387425,
    "r2_test": 0.644369919682684,
    "fit_s": 0.11205053329467773
  },
  "rf": {
    "rmse_val": 0.003868681573370509,
    "mae_val": 0.0029046980487295424,
    "r2_val": 0.6222606769597703,
    "rmse_test": 0.004505555860583516,
    "mae_test": 0.0033619200203954857,
    "r2_test": 0.6081752984972383,
    "fit_s": 2.511805295944214
  },
  "svr": {
    "rmse_val": 0.006231944026936572,
    "mae_val": 0.004543774495848988,
    "r2_val": 0.01980311993488204,
    "rmse_test": 0.02286154721832641,
    "mae_test": 0.020214889565544607,
    "r2_test": -9.088028317729975,
    "fit_s": 5.535000562667847
  },
  "xgb": {
    "rmse_val": 0.0035313593983552897,
    "mae_val": 0.0025631065338082948,
    "r2_val": 0.6852613579761702,
    "rmse_test": 0.003959209685284951,
    "mae_test": 0.002908347581438663,
    "r2_test": 0.6974396173166131,
    "fit_s": 0.5727982521057129,
    "best_iteration": 275
  },
  "naive (NB 04)": {
    "rmse_val": 0.003902929965748132,
    "mae_val": 0.002521781008629082,
    "r2_val": 0.6155430249479166,
    "rmse_test": 0.004252694716693691,
    "mae_test": 0.002315468254338502,
    "r2_test": 0.6509212037736974,
    "fit_s": 0.0
  }
}