{
  "knn": {
    "accuracy_val": 0.8936781609195402,
    "precision_val": 0.8918918918918919,
    "recall_val": 0.2357142857142857,
    "f1_val": 0.3728813559322034,
    "auc_val": 0.8526746207332491,
    "accuracy_test": 0.9215311004784689,
    "precision_test": 0.8648648648648649,
    "recall_test": 0.29357798165137616,
    "f1_test": 0.4383561643835616,
    "auc_test": 0.8393417235160354,
    "fit_s": 0.03956460952758789
  },
  "gaussian_nb": {
    "accuracy_val": 0.8946360153256705,
    "precision_val": 0.8409090909090909,
    "recall_val": 0.2642857142857143,
    "f1_val": 0.40217391304347827,
    "auc_val": 0.8917114412136536,
    "accuracy_test": 0.9282296650717703,
    "precision_test": 0.8035714285714286,
    "recall_test": 0.41284403669724773,
    "f1_test": 0.5454545454545454,
    "auc_test": 0.870251117384145,
    "fit_s": 0.013309240341186523
  },
  "logreg_l1": {
    "accuracy_val": 0.9272030651340997,
    "precision_val": 0.8076923076923077,
    "recall_val": 0.6,
    "f1_val": 0.6885245901639344,
    "auc_val": 0.938590391908976,
    "accuracy_test": 0.9578947368421052,
    "precision_test": 0.891566265060241,
    "recall_test": 0.6788990825688074,
    "f1_test": 0.7708333333333334,
    "auc_test": 0.9442876185995452,
    "fit_s": 0.244950532913208
  },
  "logreg_l2": {
    "accuracy_val": 0.9252873563218391,
    "precision_val": 0.7924528301886793,
    "recall_val": 0.6,
    "f1_val": 0.6829268292682927,
    "auc_val": 0.9379582806573957,
    "accuracy_test": 0.9578947368421052,
    "precision_test": 0.891566265060241,
    "recall_test": 0.6788990825688074,
    "f1_test": 0.7708333333333334,
    "auc_test": 0.944228808907708,
    "fit_s": 0.34488844871520996
  },
  "tree": {
    "accuracy_val": 0.896551724137931,
    "precision_val": 0.6194029850746269,
    "recall_val": 0.5928571428571429,
    "f1_val": 0.6058394160583942,
    "auc_val": 0.8859236725663716,
    "accuracy_test": 0.9464114832535885,
    "precision_test": 0.8271604938271605,
    "recall_test": 0.6146788990825688,
    "f1_test": 0.7052631578947368,
    "auc_test": 0.9251401630988787,
    "fit_s": 0.12495136260986328
  },
  "rf": {
    "accuracy_val": 0.9272030651340997,
    "precision_val": 0.7807017543859649,
    "recall_val": 0.6357142857142857,
    "f1_val": 0.7007874015748031,
    "auc_val": 0.9271096713021493,
    "accuracy_test": 0.9636363636363636,
    "precision_test": 0.9080459770114943,
    "recall_test": 0.7247706422018348,
    "f1_test": 0.8061224489795918,
    "auc_test": 0.9558633262761704,
    "fit_s": 2.923144817352295
  },
  "svm": {
    "accuracy_val": 0.9243295019157088,
    "precision_val": 0.8210526315789474,
    "recall_val": 0.5571428571428572,
    "f1_val": 0.6638297872340425,
    "auc_val": 0.9328302781289506,
    "accuracy_test": 0.9177033492822967,
    "precision_test": 0.5827338129496403,
    "recall_test": 0.7431192660550459,
    "f1_test": 0.6532258064516129,
    "auc_test": 0.9136085626911316,
    "fit_s": 2.380885601043701
  },
  "xgb": {
    "accuracy_val": 0.9281609195402298,
    "precision_val": 0.7777777777777778,
    "recall_val": 0.65,
    "f1_val": 0.708171206225681,
    "auc_val": 0.9342762326169406,
    "accuracy_test": 0.9655502392344497,
    "precision_test": 0.9397590361445783,
    "recall_test": 0.7155963302752294,
    "f1_test": 0.8125,
    "auc_test": 0.9557163020465773,
    "fit_s": 0.5177903175354004,
    "best_iteration": 260
  }
}