{
  "knn_baseline": {
    "fit_s": 0.05029773712158203,
    "accuracy_val": 0.8936781609195402,
    "precision_val": 0.8918918918918919,
    "recall_val": 0.2357142857142857,
    "f1_val": 0.3728813559322034,
    "auc_val": 0.8526746207332491,
    "accuracy_test": 0.9215311004784689,
    "precision_test": 0.8648648648648649,
    "recall_test": 0.29357798165137616,
    "f1_test": 0.4383561643835616,
    "auc_test": 0.8393417235160354
  },
  "gaussian_nb_baseline": {
    "fit_s": 0.02331256866455078,
    "accuracy_val": 0.8946360153256705,
    "precision_val": 0.8409090909090909,
    "recall_val": 0.2642857142857143,
    "f1_val": 0.40217391304347827,
    "auc_val": 0.8917114412136536,
    "accuracy_test": 0.9282296650717703,
    "precision_test": 0.8035714285714286,
    "recall_test": 0.41284403669724773,
    "f1_test": 0.5454545454545454,
    "auc_test": 0.870251117384145
  },
  "logreg_l1_baseline": {
    "fit_s": 0.2848780155181885,
    "accuracy_val": 0.9272030651340997,
    "precision_val": 0.8076923076923077,
    "recall_val": 0.6,
    "f1_val": 0.6885245901639344,
    "auc_val": 0.938590391908976,
    "accuracy_test": 0.9578947368421052,
    "precision_test": 0.891566265060241,
    "recall_test": 0.6788990825688074,
    "f1_test": 0.7708333333333334,
    "auc_test": 0.9442876185995452
  },
  "logreg_l2_baseline": {
    "fit_s": 0.3934187889099121,
    "accuracy_val": 0.9252873563218391,
    "precision_val": 0.7924528301886793,
    "recall_val": 0.6,
    "f1_val": 0.6829268292682927,
    "auc_val": 0.9379582806573957,
    "accuracy_test": 0.9578947368421052,
    "precision_test": 0.891566265060241,
    "recall_test": 0.6788990825688074,
    "f1_test": 0.7708333333333334,
    "auc_test": 0.944228808907708
  },
  "tree_baseline": {
    "fit_s": 0.11344146728515625,
    "accuracy_val": 0.896551724137931,
    "precision_val": 0.6194029850746269,
    "recall_val": 0.5928571428571429,
    "f1_val": 0.6058394160583942,
    "auc_val": 0.8859236725663716,
    "accuracy_test": 0.9464114832535885,
    "precision_test": 0.8271604938271605,
    "recall_test": 0.6146788990825688,
    "f1_test": 0.7052631578947368,
    "auc_test": 0.9251401630988787
  },
  "rf_baseline": {
    "fit_s": 2.63777494430542,
    "accuracy_val": 0.9272030651340997,
    "precision_val": 0.7807017543859649,
    "recall_val": 0.6357142857142857,
    "f1_val": 0.7007874015748031,
    "auc_val": 0.9271096713021493,
    "accuracy_test": 0.9636363636363636,
    "precision_test": 0.9080459770114943,
    "recall_test": 0.7247706422018348,
    "f1_test": 0.8061224489795918,
    "auc_test": 0.9558633262761704
  },
  "svm_baseline": {
    "fit_s": 2.9053685665130615,
    "accuracy_val": 0.9243295019157088,
    "precision_val": 0.8210526315789474,
    "recall_val": 0.5571428571428572,
    "f1_val": 0.6638297872340425,
    "auc_val": 0.9328302781289506,
    "accuracy_test": 0.9177033492822967,
    "precision_test": 0.5827338129496403,
    "recall_test": 0.7431192660550459,
    "f1_test": 0.6532258064516129,
    "auc_test": 0.9136085626911316
  },
  "knn_smote": {
    "fit_s": 0.043457746505737305,
    "accuracy_val": 0.89272030651341,
    "precision_val": 0.8888888888888888,
    "recall_val": 0.22857142857142856,
    "f1_val": 0.36363636363636365,
    "auc_val": 0.8528682048040455,
    "accuracy_test": 0.9215311004784689,
    "precision_test": 0.8648648648648649,
    "recall_test": 0.29357798165137616,
    "f1_test": 0.4383561643835616,
    "auc_test": 0.8391064847486867
  },
  "gaussian_nb_smote": {
    "fit_s": 0.0468904972076416,
    "accuracy_val": 0.8946360153256705,
    "precision_val": 0.8409090909090909,
    "recall_val": 0.2642857142857143,
    "f1_val": 0.40217391304347827,
    "auc_val": 0.8917509481668774,
    "accuracy_test": 0.9282296650717703,
    "precision_test": 0.8035714285714286,
    "recall_test": 0.41284403669724773,
    "f1_test": 0.5454545454545454,
    "auc_test": 0.8703197286912884
  },
  "logreg_l1_smote": {
    "fit_s": 0.30600881576538086,
    "accuracy_val": 0.9281609195402298,
    "precision_val": 0.8095238095238095,
    "recall_val": 0.6071428571428571,
    "f1_val": 0.6938775510204082,
    "auc_val": 0.9386219974715551,
    "accuracy_test": 0.9578947368421052,
    "precision_test": 0.891566265060241,
    "recall_test": 0.6788990825688074,
    "f1_test": 0.7708333333333334,
    "auc_test": 0.9442386105230143
  },
  "logreg_l2_smote": {
    "fit_s": 0.434523344039917,
    "accuracy_val": 0.9262452107279694,
    "precision_val": 0.794392523364486,
    "recall_val": 0.6071428571428571,
    "f1_val": 0.6882591093117408,
    "auc_val": 0.9379740834386852,
    "accuracy_test": 0.9578947368421052,
    "precision_test": 0.891566265060241,
    "recall_test": 0.6788990825688074,
    "f1_test": 0.7708333333333334,
    "auc_test": 0.9441111895240335
  },
  "tree_smote": {
    "fit_s": 0.14313030242919922,
    "accuracy_val": 0.8946360153256705,
    "precision_val": 0.6071428571428571,
    "recall_val": 0.6071428571428571,
    "f1_val": 0.6071428571428571,
    "auc_val": 0.8842051201011377,
    "accuracy_test": 0.9464114832535885,
    "precision_test": 0.8271604938271605,
    "recall_test": 0.6146788990825688,
    "f1_test": 0.7052631578947368,
    "auc_test": 0.9252479808672469
  },
  "rf_smote": {
    "fit_s": 2.659430980682373,
    "accuracy_val": 0.9262452107279694,
    "precision_val": 0.7739130434782608,
    "recall_val": 0.6357142857142857,
    "f1_val": 0.6980392156862745,
    "auc_val": 0.9273783185840709,
    "accuracy_test": 0.9617224880382775,
    "precision_test": 0.9058823529411765,
    "recall_test": 0.7064220183486238,
    "f1_test": 0.7938144329896907,
    "auc_test": 0.9576080138006743
  },
  "svm_smote": {
    "fit_s": 2.5930874347686768,
    "accuracy_val": 0.9243295019157088,
    "precision_val": 0.8210526315789474,
    "recall_val": 0.5571428571428572,
    "f1_val": 0.6638297872340425,
    "auc_val": 0.9327117572692794,
    "accuracy_test": 0.9186602870813397,
    "precision_test": 0.5857142857142857,
    "recall_test": 0.7522935779816514,
    "f1_test": 0.6586345381526104,
    "auc_test": 0.9137310828824591
  },
  "logreg_l1_balanced": {
    "fit_s": 0.26866674423217773,
    "accuracy_val": 0.9262452107279694,
    "precision_val": 0.8058252427184466,
    "recall_val": 0.5928571428571429,
    "f1_val": 0.6831275720164609,
    "auc_val": 0.938590391908976,
    "accuracy_test": 0.9578947368421052,
    "precision_test": 0.891566265060241,
    "recall_test": 0.6788990825688074,
    "f1_test": 0.7708333333333334,
    "auc_test": 0.9442778169842391
  },
  "logreg_l2_balanced": {
    "fit_s": 0.38819098472595215,
    "accuracy_val": 0.9252873563218391,
    "precision_val": 0.7924528301886793,
    "recall_val": 0.6,
    "f1_val": 0.6829268292682927,
    "auc_val": 0.9379424778761062,
    "accuracy_test": 0.9578947368421052,
    "precision_test": 0.891566265060241,
    "recall_test": 0.6788990825688074,
    "f1_test": 0.7708333333333334,
    "auc_test": 0.944228808907708
  },
  "tree_balanced": {
    "fit_s": 0.10959267616271973,
    "accuracy_val": 0.8975095785440613,
    "precision_val": 0.6222222222222222,
    "recall_val": 0.6,
    "f1_val": 0.610909090909091,
    "auc_val": 0.8890526232616941,
    "accuracy_test": 0.9464114832535885,
    "precision_test": 0.8271604938271605,
    "recall_test": 0.6146788990825688,
    "f1_test": 0.7052631578947368,
    "auc_test": 0.9276591782325727
  },
  "rf_balanced": {
    "fit_s": 2.6183855533599854,
    "accuracy_val": 0.9252873563218391,
    "precision_val": 0.7719298245614035,
    "recall_val": 0.6285714285714286,
    "f1_val": 0.6929133858267716,
    "auc_val": 0.9273309102402023,
    "accuracy_test": 0.9588516746411483,
    "precision_test": 0.8928571428571429,
    "recall_test": 0.6880733944954128,
    "f1_test": 0.7772020725388601,
    "auc_test": 0.9563436054261741
  },
  "svm_balanced": {
    "fit_s": 2.646247386932373,
    "accuracy_val": 0.9243295019157088,
    "precision_val": 0.8210526315789474,