{
  "knn_baseline_sub": {
    "fit_s": 0.0075757503509521484,
    "accuracy_val": 0.8659003831417624,
    "precision_val": 0.0,
    "recall_val": 0.0,
    "f1_val": 0.0,
    "auc_val": 0.6967169721871049,
    "accuracy_test": 0.8976076555023923,
    "precision_test": 1.0,
    "recall_test": 0.01834862385321101,
    "f1_test": 0.036036036036036036,
    "auc_test": 0.7467948717948718
  },
  "knn_smote_sub": {
    "fit_s": 0.009811878204345703,
    "accuracy_val": 0.8764367816091954,
    "precision_val": 0.5632183908045977,
    "recall_val": 0.35,
    "f1_val": 0.43171806167400884,
    "auc_val": 0.7696626106194691,
    "accuracy_test": 0.9215311004784689,
    "precision_test": 0.8461538461538461,
    "recall_test": 0.30275229357798167,
    "f1_test": 0.44594594594594594,
    "auc_test": 0.8208264722026191
  },
  "knn_adasyn_sub": {
    "fit_s": 0.014016389846801758,
    "accuracy_val": 0.8754789272030651,
    "precision_val": 0.5520833333333334,
    "recall_val": 0.37857142857142856,
    "f1_val": 0.4491525423728814,
    "auc_val": 0.7746049304677622,
    "accuracy_test": 0.9234449760765551,
    "precision_test": 0.8222222222222222,
    "recall_test": 0.3394495412844037,
    "f1_test": 0.4805194805194805,
    "auc_test": 0.8180722183015762
  },
  "gaussian_nb_baseline_sub": {
    "fit_s": 0.0070095062255859375,
    "accuracy_val": 0.8860153256704981,
    "precision_val": 0.8620689655172413,
    "recall_val": 0.17857142857142858,
    "f1_val": 0.2958579881656805,
    "auc_val": 0.892596396965866,
    "accuracy_test": 0.9186602870813397,
    "precision_test": 0.8157894736842105,
    "recall_test": 0.28440366972477066,
    "f1_test": 0.4217687074829932,
    "auc_test": 0.8872716223633654
  },
  "gaussian_nb_smote_sub": {
    "fit_s": 0.011787652969360352,
    "accuracy_val": 0.8975095785440613,
    "precision_val": 0.851063829787234,
    "recall_val": 0.2857142857142857,
    "f1_val": 0.42780748663101603,
    "auc_val": 0.9051517067003793,
    "accuracy_test": 0.9205741626794258,
    "precision_test": 0.90625,
    "recall_test": 0.26605504587155965,
    "f1_test": 0.41134751773049644,
    "auc_test": 0.8952795420685329
  },
  "gaussian_nb_adasyn_sub": {
    "fit_s": 0.016390323638916016,
    "accuracy_val": 0.9003831417624522,
    "precision_val": 0.7727272727272727,
    "recall_val": 0.36428571428571427,
    "f1_val": 0.49514563106796117,
    "auc_val": 0.902789190897598,
    "accuracy_test": 0.9253588516746412,
    "precision_test": 0.918918918918919,
    "recall_test": 0.3119266055045872,
    "f1_test": 0.4657534246575342,
    "auc_test": 0.7677017172430017
  },
  "logreg_l1_baseline_sub": {
    "fit_s": 0.2841825485229492,
    "accuracy_val": 0.8831417624521073,
    "precision_val": 1.0,
    "recall_val": 0.12857142857142856,
    "f1_val": 0.22784810126582278,
    "auc_val": 0.9228666245259166,
    "accuracy_test": 0.9129186602870814,
    "precision_test": 1.0,
    "recall_test": 0.1651376146788991,
    "f1_test": 0.28346456692913385,
    "auc_test": 0.92011683525445
  },
  "logreg_l1_smote_sub": {
    "fit_s": 0.39035534858703613,
    "accuracy_val": 0.9147509578544061,
    "precision_val": 0.8072289156626506,
    "recall_val": 0.4785714285714286,
    "f1_val": 0.600896860986547,
    "auc_val": 0.9163163716814159,
    "accuracy_test": 0.9339712918660287,
    "precision_test": 0.9347826086956522,
    "recall_test": 0.3944954128440367,
    "f1_test": 0.5548387096774193,
    "auc_test": 0.9149415823727751
  },
  "logreg_l1_adasyn_sub": {
    "fit_s": 0.30672669410705566,
    "accuracy_val": 0.9157088122605364,
    "precision_val": 0.776595744680851,
    "recall_val": 0.5214285714285715,
    "f1_val": 0.6239316239316239,
    "auc_val": 0.9151548672566372,
    "accuracy_test": 0.9358851674641149,
    "precision_test": 0.8888888888888888,
    "recall_test": 0.44036697247706424,
    "f1_test": 0.588957055214724,
    "auc_test": 0.913392927154395
  },
  "logreg_l1_balanced_sub": {
    "fit_s": 0.21747756004333496,
    "accuracy_val": 0.9204980842911877,
    "precision_val": 0.8607594936708861,
    "recall_val": 0.4857142857142857,
    "f1_val": 0.6210045662100456,
    "auc_val": 0.923751580278129,
    "accuracy_test": 0.9473684210526315,
    "precision_test": 0.8970588235294118,
    "recall_test": 0.5596330275229358,
    "f1_test": 0.6892655367231638,
    "auc_test": 0.9307515878616797
  },
  "logreg_l2_baseline_sub": {
    "fit_s": 0.20176196098327637,
    "accuracy_val": 0.8831417624521073,
    "precision_val": 1.0,
    "recall_val": 0.12857142857142856,
    "f1_val": 0.22784810126582278,
    "auc_val": 0.9206305309734514,
    "accuracy_test": 0.9119617224880383,
    "precision_test": 1.0,
    "recall_test": 0.1559633027522936,
    "f1_test": 0.2698412698412698,
    "auc_test": 0.9180584960401474
  },
  "logreg_l2_smote_sub": {
    "fit_s": 0.3907945156097412,
    "accuracy_val": 0.9147509578544061,
    "precision_val": 0.8072289156626506,
    "recall_val": 0.4785714285714286,
    "f1_val": 0.600896860986547,
    "auc_val": 0.9159371049304679,
    "accuracy_test": 0.9330143540669856,
    "precision_test": 0.9148936170212766,
    "recall_test": 0.3944954128440367,
    "f1_test": 0.5512820512820513,
    "auc_test": 0.914451501607465
  },
  "logreg_l2_adasyn_sub": {
    "fit_s": 0.677882194519043,
    "accuracy_val": 0.9147509578544061,
    "precision_val": 0.7684210526315789,
    "recall_val": 0.5214285714285715,
    "f1_val": 0.6212765957446809,
    "auc_val": 0.9147439949431099,
    "accuracy_test": 0.9358851674641149,
    "precision_test": 0.8888888888888888,
    "recall_test": 0.44036697247706424,
    "f1_test": 0.588957055214724,
    "auc_test": 0.9132164980788834
  },
  "logreg_l2_balanced_sub": {
    "fit_s": 0.17243623733520508,
    "accuracy_val": 0.9185823754789272,
    "precision_val": 0.8571428571428571,
    "recall_val": 0.4714285714285714,
    "f1_val": 0.6082949308755761,
    "auc_val": 0.9226927939317319,
    "accuracy_test": 0.9483253588516747,
    "precision_test": 0.9104477611940298,
    "recall_test": 0.5596330275229358,
    "f1_test": 0.6931818181818182,
    "auc_test": 0.9296734101779973
  },
  "tree_baseline_sub": {
    "fit_s": 0.06747841835021973,
    "accuracy_val": 0.89272030651341,
    "precision_val": 0.9375,
    "recall_val": 0.21428571428571427,
    "f1_val": 0.3488372093023256,
    "auc_val": 0.8102915613147914,
    "accuracy_test": 0.9253588516746412,
    "precision_test": 0.9428571428571428,
    "recall_test": 0.30275229357798167,
    "f1_test": 0.4583333333333333,
    "auc_test": 0.8850368540735514
  },
  "tree_smote_sub": {
    "fit_s": 0.11464691162109375,
    "accuracy_val": 0.896551724137931,
    "precision_val": 0.6632653061224489,
    "recall_val": 0.4642857142857143,
    "f1_val": 0.5462184873949579,
    "auc_val": 0.725304203539823,
    "accuracy_test": 0.9339712918660287,
    "precision_test": 0.8225806451612904,
    "recall_test": 0.46788990825688076,
    "f1_test": 0.5964912280701754,
    "auc_test": 0.7526513369403278
  },
  "tree_adasyn_sub": {
    "fit_s": 0.1373884677886963,
    "accuracy_val": 0.89272030651341,
    "precision_val": 0.6296296296296297,
    "recall_val": 0.4857142857142857,
    "f1_val": 0.5483870967741935,
    "auc_val": 0.8118599873577749,
    "accuracy_test": 0.9368421052631579,
    "precision_test": 0.7792207792207793,
    "recall_test": 0.5504587155963303,
    "f1_test": 0.6451612903225806,
    "auc_test": 0.8379694973731672
  },
  "tree_balanced_sub": {
    "fit_s": 0.0715639591217041,
    "accuracy_val": 0.867816091954023,
    "precision_val": 0.5072463768115942,
    "recall_val": 0.5,
    "f1_val": 0.5035971223021583,
    "auc_val": 0.6509679203539822,
    "accuracy_test": 0.877511961722488,
    "precision_test": 0.415929203539823,
    "recall_test": 0.43119266055045874,
    "f1_test": 0.42342342342342343,
    "auc_test": 0.7145132517838938
  },
  "rf_baseline_sub": {
    "fit_s": 1.5920066833496094,
    "accuracy_val": 0.8860153256704981,
    "precision_val": 1.0,