{
  "naive": {
    "white": {
      "name": "white",
      "statistic": 2.9092410286669472,
      "p_value": 0.23348895280185972
    },
    "breusch_pagan": {
      "name": "breusch_pagan",
      "statistic": 0.8668088393109113,
      "p_value": 0.35184027433976783
    },
    "ljung_box(lag=10)": {
      "name": "ljung_box(lag=10)",
      "statistic": 197.57509169754366,
      "p_value": 5.16979384547411e-37,
      "extra": {
        "lags": 10
      }
    },
    "jarque_bera": {
      "name": "jarque_bera",
      "statistic": 13356.358879511052,
      "p_value": 0.0
    },
    "bds(dim=3)": {
      "name": "bds(dim=3)",
      "statistic": -0.48753586377153596,
      "p_value": 0.6258786339380478,
      "extra": {
        "epsilon": 0.0021263465679499747,
        "all_stats": [
          0.01470715214038581,
          -0.48753586377153596
        ],
        "all_pvalues": [
          0.9882658133933933,
          0.6258786339380478
        ]
      }
    },
    "descriptive": {
      "n": 1045,
      "mean": -3.666778407357364e-06,
      "std": 0.004254729378839661,
      "min": -0.035714681660089176,
      "max": 0.032417578130818324,
      "skew": 0.047367317128456966,
      "kurtosis": 17.513992617744186
    }
  },
  "ridge": {
    "white": {
      "name": "white",
      "statistic": 3.2665591221023558,
      "p_value": 0.19528806363821669
    },
    "breusch_pagan": {
      "name": "breusch_pagan",
      "statistic": 0.8463118303271938,
      "p_value": 0.35759780122385787
    },
    "ljung_box(lag=10)": {
      "name": "ljung_box(lag=10)",
      "statistic": 119.54632686949179,
      "p_value": 6.254632212638149e-21,
      "extra": {
        "lags": 10
      }
    },
    "jarque_bera": {
      "name": "jarque_bera",
      "statistic": 8101.635229303106,
      "p_value": 0.0
    },
    "bds(dim=3)": {
      "name": "bds(dim=3)",
      "statistic": 7.31677930659088,
      "p_value": 2.539930530942269e-13,
      "extra": {
        "epsilon": 0.0018867591119190983,
        "all_stats": [
          7.086101372450062,
          7.31677930659088
        ],
        "all_pvalues": [
          1.379427831469853e-12,
          2.539930530942269e-13
        ]
      }
    },
    "descriptive": {
      "n": 1045,
      "mean": -0.0007089819576820765,
      "std": 0.0037753250318056696,
      "min": -0.021560015653924503,
      "max": 0.03237470065442876,
      "skew": 1.73173390231823,
      "kurtosis": 13.19358383479424
    }
  },
  "xgb_optuna": {
    "white": {
      "name": "white",
      "statistic": 0.6379089083243594,
      "p_value": 0.7269086562161577
    },
    "breusch_pagan": {
      "name": "breusch_pagan",
      "statistic": 0.036638861508892506,
      "p_value": 0.8482021894420557
    },
    "ljung_box(lag=10)": {
      "name": "ljung_box(lag=10)",
      "statistic": 76.82576373572937,
      "p_value": 2.096868964423914e-12,
      "extra": {
        "lags": 10
      }
    },
    "jarque_bera": {
      "name": "jarque_bera",
      "statistic": 8253.807131586806,
      "p_value": 0.0
    },
    "bds(dim=3)": {
      "name": "bds(dim=3)",
      "statistic": 5.034111794438441,
      "p_value": 4.800694643216081e-07,
      "extra": {
        "epsilon": 0.001724019082869047,
        "all_stats": [
          5.322317394013612,
          5.034111794438441
        ],
        "all_pvalues": [
          1.0245360973483062e-07,
          4.800694643216081e-07
        ]
      }
    },
    "descriptive": {
      "n": 1045,
      "mean": -0.0016348164247566104,
      "std": 0.003449689129761707,
      "min": -0.017627577749541105,
      "max": 0.026765252689510896,
      "skew": 1.9767911466562704,
      "kurtosis": 13.188264016747777
    }
  }
}