{
  "dm": {
    "n_models": 17,
    "n_pairs": 136,
    "alpha_bonf": 0.0003676470588235294,
    "significant_005": 117,
    "significant_bonf": 99
  },
  "delong": {
    "n_models": 8,
    "n_pairs": 28,
    "alpha_bonf": 0.0017857142857142859,
    "significant_005": 18,
    "significant_bonf": 12
  },
  "rmse_ci": {
    "naive": {
      "point": 0.004252694716693691,
      "lo": 0.003708177828574225,
      "hi": 0.00483967723090397
    },
    "rolling_mean_22": {
      "point": 0.006892400798273564,
      "lo": 0.006416959892858034,
      "hi": 0.007406866955338412
    },
    "ewma_094": {
      "point": 0.005972536129881908,
      "lo": 0.005637462036847701,
      "hi": 0.006336896407794351
    },
    "arima_101": {
      "point": 0.006032918517290341,
      "lo": 0.005487800317905557,
      "hi": 0.006570983192652957
    },
    "garch_11": {
      "point": 0.00789377307086404,
      "lo": 0.007617234151799184,
      "hi": 0.008198888677159262
    },
    "har_rv": {
      "point": 0.005602910165006593,
      "lo": 0.005158539017492822,
      "hi": 0.006062291149634391
    },
    "ridge_05": {
      "point": 0.003839543618967974,
      "lo": 0.003448925185701295,
      "hi": 0.004271790456449461
    },
    "lasso_05": {
      "point": 0.004262993368039505,
      "lo": 0.0038727651464770117,
      "hi": 0.004693299246447029
    },
    "knn_05": {
      "point": 0.006252648870128588,
      "lo": 0.005973278220249905,
      "hi": 0.006553428603611129
    },
    "tree_05": {
      "point": 0.004292415127223761,
      "lo": 0.0039132927086872925,
      "hi": 0.004707489309948042
    },
    "rf_05": {
      "point": 0.004505555860583516,
      "lo": 0.004180836896330502,
      "hi": 0.004860704357472529
    },
    "svr_05": {
      "point": 0.02286154721832641,
      "lo": 0.02219959953849047,
      "hi": 0.023508127129962118
    },
    "xgb_05": {
      "point": 0.003959209685284951,
      "lo": 0.003642761468761655,
      "hi": 0.0043091939721340835
    },
    "xgb_grid_08": {
      "point": 0.003977695023077072,
      "lo": 0.0036592392751537686,
      "hi": 0.004328711056024048
    },
    "xgb_random_08": {
      "point": 0.003987338023420454,
      "lo": 0.0036681182655532497,
      "hi": 0.004335975089349038
    },
    "xgb_optuna_08": {
      "point": 0.0038159654001367078,
      "lo": 0.0035061463754773453,
      "hi": 0.00415169062181046
    },
    "xgb_deap_08": {
      "point": 0.004049962052836926,
      "lo": 0.0037560347975330614,
      "hi": 0.004371139585931991
    }
  },
  "auc_ci": {
    "knn": {
      "point": 0.8393417235160354,
      "lo": 0.7913698436712664,
      "hi": 0.8836269609072406
    },
    "gaussian_nb": {
      "point": 0.870251117384145,
      "lo": 0.825837900048427,
      "hi": 0.9112844293112093
    },
    "logreg_l1": {
      "point": 0.9442876185995452,
      "lo": 0.9128261194055184,
      "hi": 0.970563201196709
    },
    "logreg_l2": {
      "point": 0.944228808907708,
      "lo": 0.9129156900086904,
      "hi": 0.9706900803952564
    },
    "tree": {
      "point": 0.9251401630988787,
      "lo": 0.8913443880992022,
      "hi": 0.9532894858887336
    },
    "rf": {
      "point": 0.9558633262761704,
      "lo": 0.9277546922582053,
      "hi": 0.9801114213166617
    },
    "svm": {
      "point": 0.9136085626911316,
      "lo": 0.8764256084360148,
      "hi": 0.9495800451190665
    },
    "xgb": {
      "point": 0.9557163020465773,
      "lo": 0.9272501118220912,
      "hi": 0.9801271030747603
    }
  }
}