{
  "dm": {
    "Ridge": {
      "statistic": 0.8582344382937771,
      "p_value": 0.390763023294058,
      "mean_loss_diff": 4.961161245446717e-07,
      "horizon": 1
    },
    "XGB-Optuna": {
      "statistic": 1.6287244764186624,
      "p_value": 0.10337135882257575,
      "mean_loss_diff": 6.76619391461856e-07,
      "horizon": 1
    },
    "Ensamble simple": {
      "statistic": 4.11944024995559,
      "p_value": 3.7979388963993443e-05,
      "mean_loss_diff": 1.5642797112191918e-06,
      "horizon": 1
    }
  },
  "bootstrap_ci": {
    "HVRF": {
      "point": 0.0039036151611682164,
      "lo": 0.0035698654362650633,
      "hi": 0.004263757102669863
    },
    "Ridge": {
      "point": 0.003839543618967974,
      "lo": 0.003448925185701295,
      "hi": 0.004271790456449461
    },
    "XGB-Optuna": {
      "point": 0.0038159654001367078,
      "lo": 0.0035061463754773453,
      "hi": 0.00415169062181046
    },
    "XGB (NB05)": {
      "point": 0.003959209685284951,
      "lo": 0.003642761468761655,
      "hi": 0.0043091939721340835
    },
    "Naive": {
      "point": 0.004252694716693691,
      "lo": 0.003708177828574225,
      "hi": 0.00483967723090397
    },
    "Solo R_bajo": {
      "point": 0.00501095482262731,
      "lo": 0.004514883449959128,
      "hi": 0.005525256229520982
    },
    "Solo R_alto": {
      "point": 0.017496089126594998,
      "lo": 0.01717246418969277,
      "hi": 0.01780752509357954
    },
    "Ensamble simple": {
      "point": 0.003697827959124541,
      "lo": 0.0033403231051566356,
      "hi": 0.004088827027990123
    }
  }
}